theta0,theta1
8499.573062451464,-0.02144875486313549
