theta0,theta1
8499.626324023251,-0.021449172909398087
